{
    "name": "root",
    "gauges": {
        "SliderBehavior.Policy.Entropy.mean": {
            "value": 1.4134429693222046,
            "min": 1.4134429693222046,
            "max": 1.418938398361206,
            "count": 22
        },
        "SliderBehavior.Policy.Entropy.sum": {
            "value": 1386.5875244140625,
            "min": 1339.80712890625,
            "max": 1538.321044921875,
            "count": 22
        },
        "SliderBehavior.Environment.EpisodeLength.mean": {
            "value": 45.714285714285715,
            "min": 34.37931034482759,
            "max": 57.05882352941177,
            "count": 22
        },
        "SliderBehavior.Environment.EpisodeLength.sum": {
            "value": 960.0,
            "min": 877.0,
            "max": 1063.0,
            "count": 22
        },
        "SliderBehavior.Step.mean": {
            "value": 21970.0,
            "min": 957.0,
            "max": 21970.0,
            "count": 22
        },
        "SliderBehavior.Step.sum": {
            "value": 21970.0,
            "min": 957.0,
            "max": 21970.0,
            "count": 22
        },
        "SliderBehavior.Policy.ExtrinsicValueEstimate.mean": {
            "value": 2.392491579055786,
            "min": 0.07305102795362473,
            "max": 2.392491579055786,
            "count": 22
        },
        "SliderBehavior.Policy.ExtrinsicValueEstimate.sum": {
            "value": 50.24232482910156,
            "min": 1.9083621501922607,
            "max": 50.24232482910156,
            "count": 22
        },
        "SliderBehavior.Environment.CumulativeReward.mean": {
            "value": 6.857142871334439,
            "min": 4.46956532675287,
            "max": 8.78947377204895,
            "count": 22
        },
        "SliderBehavior.Environment.CumulativeReward.sum": {
            "value": 144.00000029802322,
            "min": 102.49999988079071,
            "max": 167.00000166893005,
            "count": 22
        },
        "SliderBehavior.Policy.ExtrinsicReward.mean": {
            "value": 10.28571427436102,
            "min": 6.704347760780998,
            "max": 13.184210576509175,
            "count": 22
        },
        "SliderBehavior.Policy.ExtrinsicReward.sum": {
            "value": 215.99999976158142,
            "min": 153.74999821186066,
            "max": 250.50000095367432,
            "count": 22
        },
        "SliderBehavior.IsTraining.mean": {
            "value": 1.0,
            "min": 1.0,
            "max": 1.0,
            "count": 22
        },
        "SliderBehavior.IsTraining.sum": {
            "value": 1.0,
            "min": 1.0,
            "max": 1.0,
            "count": 22
        },
        "SliderBehavior.Losses.PolicyLoss.mean": {
            "value": 0.06583482455850269,
            "min": 0.0649455058495126,
            "max": 0.07015837050130358,
            "count": 5
        },
        "SliderBehavior.Losses.PolicyLoss.sum": {
            "value": 0.06583482455850269,
            "min": 0.0649455058495126,
            "max": 0.07015837050130358,
            "count": 5
        },
        "SliderBehavior.Losses.ValueLoss.mean": {
            "value": 29.49156575401624,
            "min": 13.886183666686216,
            "max": 30.017726714412373,
            "count": 5
        },
        "SliderBehavior.Losses.ValueLoss.sum": {
            "value": 29.49156575401624,
            "min": 13.886183666686216,
            "max": 30.017726714412373,
            "count": 5
        },
        "SliderBehavior.Policy.LearningRate.mean": {
            "value": 3.9687020625999994e-05,
            "min": 3.9687020625999994e-05,
            "max": 4.7923504153e-05,
            "count": 5
        },
        "SliderBehavior.Policy.LearningRate.sum": {
            "value": 3.9687020625999994e-05,
            "min": 3.9687020625999994e-05,
            "max": 4.7923504153e-05,
            "count": 5
        },
        "SliderBehavior.Policy.Epsilon.mean": {
            "value": 0.09999999999999999,
            "min": 0.09999999999999999,
            "max": 0.09999999999999999,
            "count": 5
        },
        "SliderBehavior.Policy.Epsilon.sum": {
            "value": 0.09999999999999999,
            "min": 0.09999999999999999,
            "max": 0.09999999999999999,
            "count": 5
        },
        "SliderBehavior.Policy.Beta.mean": {
            "value": 0.004999999999999999,
            "min": 0.004999999999999999,
            "max": 0.004999999999999999,
            "count": 5
        },
        "SliderBehavior.Policy.Beta.sum": {
            "value": 0.004999999999999999,
            "min": 0.004999999999999999,
            "max": 0.004999999999999999,
            "count": 5
        }
    },
    "metadata": {
        "timer_format_version": "0.1.0",
        "start_time_seconds": "1732307001",
        "python_version": "3.10.12 | packaged by Anaconda, Inc. | (main, Jul  5 2023, 19:01:18) [MSC v.1916 64 bit (AMD64)]",
        "command_line_arguments": "C:\\Users\\jferrell\\AppData\\Local\\miniconda3\\envs\\mlagents\\Scripts\\mlagents-learn .\\config\\slider_config.yaml --run-id=SliderBehavior-jgf-003",
        "mlagents_version": "1.1.0",
        "mlagents_envs_version": "1.1.0",
        "communication_protocol_version": "1.5.0",
        "pytorch_version": "2.2.2+cu121",
        "numpy_version": "1.23.5",
        "end_time_seconds": "1732309468"
    },
    "total": 2467.1218234999997,
    "count": 1,
    "self": 0.010980200000631157,
    "children": {
        "run_training.setup": {
            "total": 0.12420129999918572,
            "count": 1,
            "self": 0.12420129999918572
        },
        "TrainerController.start_learning": {
            "total": 2466.986642,
            "count": 1,
            "self": 0.6685770999920351,
            "children": {
                "TrainerController._reset_env": {
                    "total": 13.670264099999258,
                    "count": 1,
                    "self": 13.670264099999258
                },
                "TrainerController.advance": {
                    "total": 2452.434065900008,
                    "count": 23143,
                    "self": 0.5965330001363327,
                    "children": {
                        "env_step": {
                            "total": 2428.231640400123,
                            "count": 23143,
                            "self": 2375.6268319004284,
                            "children": {
                                "SubprocessEnvManager._take_step": {
                                    "total": 52.19521599986001,
                                    "count": 23143,
                                    "self": 1.6154899000121077,
                                    "children": {
                                        "TorchPolicy.evaluate": {
                                            "total": 50.5797260998479,
                                            "count": 22741,
                                            "self": 50.5797260998479
                                        }
                                    }
                                },
                                "workers": {
                                    "total": 0.4095924998346163,
                                    "count": 23142,
                                    "self": 0.0,
                                    "children": {
                                        "worker_root": {
                                            "total": 2453.795574399841,
                                            "count": 23142,
                                            "is_parallel": true,
                                            "self": 106.49360369996793,
                                            "children": {
                                                "steps_from_proto": {
                                                    "total": 0.0005684999996447004,