{
    "name": "root",
    "gauges": {
        "SliderBehavior.Policy.Entropy.mean": {
            "value": 1.4173964262008667,
            "min": 1.4173963069915771,
            "max": 1.4189385175704956,
            "count": 60
        },
        "SliderBehavior.Policy.Entropy.sum": {
            "value": 1145.25634765625,
            "min": 982.7424926757812,
            "max": 1869.05419921875,
            "count": 60
        },
        "SliderBehavior.Environment.EpisodeLength.mean": {
            "value": 201.0,
            "min": 161.6,
            "max": 373.0,
            "count": 60
        },
        "SliderBehavior.Environment.EpisodeLength.sum": {
            "value": 804.0,
            "min": 796.0,
            "max": 1247.0,
            "count": 60
        },
        "SliderBehavior.Step.mean": {
            "value": 59789.0,
            "min": 868.0,
            "max": 59789.0,
            "count": 60
        },
        "SliderBehavior.Step.sum": {
            "value": 59789.0,
            "min": 868.0,
            "max": 59789.0,
            "count": 60
        },
        "SliderBehavior.Policy.ExtrinsicValueEstimate.mean": {
            "value": 3.795870304107666,
            "min": -0.01127084530889988,
            "max": 4.589001178741455,
            "count": 60
        },
        "SliderBehavior.Policy.ExtrinsicValueEstimate.sum": {
            "value": 15.183481216430664,
            "min": -0.05635422468185425,
            "max": 22.416414260864258,
            "count": 60
        },
        "SliderBehavior.Environment.CumulativeReward.mean": {
            "value": 40.16768407821655,
            "min": 34.47186965942383,
            "max": 68.34323120117188,
            "count": 60
        },
        "SliderBehavior.Environment.CumulativeReward.sum": {
            "value": 160.6707363128662,
            "min": 144.1579933166504,
            "max": 292.03630447387695,
            "count": 60
        },
        "SliderBehavior.Policy.ExtrinsicReward.mean": {
            "value": 80.3353681564331,
            "min": 68.94373931884766,
            "max": 136.68646240234375,
            "count": 60
        },
        "SliderBehavior.Policy.ExtrinsicReward.sum": {
            "value": 321.3414726257324,
            "min": 288.3159866333008,
            "max": 584.0726089477539,
            "count": 60
        },
        "SliderBehavior.IsTraining.mean": {
            "value": 1.0,
            "min": 1.0,
            "max": 1.0,
            "count": 60
        },
        "SliderBehavior.IsTraining.sum": {
            "value": 1.0,
            "min": 1.0,
            "max": 1.0,
            "count": 60
        },
        "SliderBehavior.Losses.PolicyLoss.mean": {
            "value": 0.013672574215888744,
            "min": 0.012869835565652465,
            "max": 0.019406977684411686,
            "count": 3
        },
        "SliderBehavior.Losses.PolicyLoss.sum": {
            "value": 0.013672574215888744,
            "min": 0.012869835565652465,
            "max": 0.019406977684411686,
            "count": 3
        },
        "SliderBehavior.Losses.ValueLoss.mean": {
            "value": 289.7376642227173,
            "min": 289.7376642227173,
            "max": 324.14912462234497,
            "count": 3
        },
        "SliderBehavior.Losses.ValueLoss.sum": {
            "value": 289.7376642227173,
            "min": 289.7376642227173,
            "max": 324.14912462234497,
            "count": 3
        },
        "SliderBehavior.Policy.LearningRate.mean": {
            "value": 2.900920330266667e-05,
            "min": 2.900920330266667e-05,
            "max": 2.9670401098666662e-05,
            "count": 3
        },
        "SliderBehavior.Policy.LearningRate.sum": {
            "value": 2.900920330266667e-05,
            "min": 2.900920330266667e-05,
            "max": 2.9670401098666662e-05,
            "count": 3
        },
        "SliderBehavior.Policy.Epsilon.mean": {
            "value": 0.051651333333333334,
            "min": 0.050549333333333335,
            "max": 0.051651333333333334,
            "count": 3
        },
        "SliderBehavior.Policy.Epsilon.sum": {
            "value": 0.051651333333333334,
            "min": 0.050549333333333335,
            "max": 0.051651333333333334,
            "count": 3
        },
        "SliderBehavior.Policy.Beta.mean": {
            "value": 0.0005,
            "min": 0.0005,
            "max": 0.0005,
            "count": 3
        },
        "SliderBehavior.Policy.Beta.sum": {
            "value": 0.0005,
            "min": 0.0005,
            "max": 0.0005,
            "count": 3
        }
    },
    "metadata": {
        "timer_format_version": "0.1.0",
        "start_time_seconds": "1732385814",
        "python_version": "3.10.12 | packaged by Anaconda, Inc. | (main, Jul  5 2023, 19:01:18) [MSC v.1916 64 bit (AMD64)]",
        "command_line_arguments": "C:\\Users\\admin\\miniconda3\\envs\\mlagents\\Scripts\\mlagents-learn .\\config\\slider_config.yaml --run-id=SliderBehavior-jgf-003",
        "mlagents_version": "1.1.0",
        "mlagents_envs_version": "1.1.0",
        "communication_protocol_version": "1.5.0",
        "pytorch_version": "2.2.2+cu121",
        "numpy_version": "1.23.5",
        "end_time_seconds": "1732386935"
    },
    "total": 1121.0707545000005,
    "count": 1,
    "self": 0.011093699999037199,
    "children": {
        "run_training.setup": {
            "total": 0.11942140000064683,
            "count": 1,
            "self": 0.11942140000064683
        },
        "TrainerController.start_learning": {
            "total": 1120.9402394000008,
            "count": 1,
            "self": 1.1395812003229366,
            "children": {
                "TrainerController._reset_env": {
                    "total": 9.610354599999482,
                    "count": 1,
                    "self": 9.610354599999482
                },
                "TrainerController.advance": {
                    "total": 1109.9740876996766,
                    "count": 60418,
                    "self": 1.1921420992966887,
                    "children": {
                        "env_step": {
                            "total": 1079.9572934003718,
                            "count": 60418,
                            "self": 776.1860312999015,
                            "children": {
                                "SubprocessEnvManager._take_step": {
                                    "total": 303.0185300003086,
                                    "count": 60418,
                                    "self": 3.3951350002935214,
                                    "children": {
                                        "TorchPolicy.evaluate": {
                                            "total": 299.6233950000151,
                                            "count": 60206,
                                            "self": 299.6233950000151
                                        }
                                    }
                                },
                                "workers": {
                                    "total": 0.7527321001616656,
                                    "count": 60417,
                                    "self": 0.0,
                                    "children": {
                                        "worker_root": {
                                            "total": 1112.762748200199,
                                            "count": 60417,
                                            "is_parallel": true,
                                            "self": 394.2769808003686,
                                            "children": {
                                                "steps_from_proto": {
                                                    "total": 0.00034279999999853317,
                                                    "count": 1,