{
    "name": "root",
    "gauges": {
        "SliderBehavior.Policy.Entropy.mean": {
            "value": 1.4236012697219849,
            "min": 1.4236012697219849,
            "max": 1.4328198432922363,
            "count": 23
        },
        "SliderBehavior.Policy.Entropy.sum": {
            "value": 1383.740478515625,
            "min": 64.47689056396484,
            "max": 1484.0845947265625,
            "count": 23
        },
        "SliderBehavior.Environment.EpisodeLength.mean": {
            "value": 54.0,
            "min": 21.5,
            "max": 79.27272727272727,
            "count": 23
        },
        "SliderBehavior.Environment.EpisodeLength.sum": {
            "value": 1080.0,
            "min": 43.0,
            "max": 1099.0,
            "count": 23
        },
        "SliderBehavior.Step.mean": {
            "value": 49967.0,
            "min": 27972.0,
            "max": 49967.0,
            "count": 23
        },
        "SliderBehavior.Step.sum": {
            "value": 49967.0,
            "min": 27972.0,
            "max": 49967.0,
            "count": 23
        },
        "SliderBehavior.Policy.ExtrinsicValueEstimate.mean": {
            "value": 3.1463005542755127,
            "min": 1.35685396194458,
            "max": 3.3399391174316406,
            "count": 23
        },
        "SliderBehavior.Policy.ExtrinsicValueEstimate.sum": {
            "value": 75.51121520996094,
            "min": 3.3399391174316406,
            "max": 75.51121520996094,
            "count": 23
        },
        "SliderBehavior.Environment.CumulativeReward.mean": {
            "value": 10.15789484350305,
            "min": 0.10000002384185791,
            "max": 13.133333389957746,
            "count": 23
        },
        "SliderBehavior.Environment.CumulativeReward.sum": {
            "value": 193.00000202655792,
            "min": 0.10000002384185791,
            "max": 193.00000202655792,
            "count": 23
        },
        "SliderBehavior.Policy.ExtrinsicReward.mean": {
            "value": 10.15789484350305,
            "min": 0.10000002384185791,
            "max": 13.133333389957746,
            "count": 23
        },
        "SliderBehavior.Policy.ExtrinsicReward.sum": {
            "value": 193.00000202655792,
            "min": 0.10000002384185791,
            "max": 193.00000202655792,
            "count": 23
        },
        "SliderBehavior.IsTraining.mean": {
            "value": 1.0,
            "min": 1.0,
            "max": 1.0,
            "count": 23
        },
        "SliderBehavior.IsTraining.sum": {
            "value": 1.0,
            "min": 1.0,
            "max": 1.0,
            "count": 23
        },
        "SliderBehavior.Losses.PolicyLoss.mean": {
            "value": 0.07451629058535521,
            "min": 0.06127008770029837,
            "max": 0.07451629058535521,
            "count": 5
        },
        "SliderBehavior.Losses.PolicyLoss.sum": {
            "value": 0.07451629058535521,
            "min": 0.06127008770029837,
            "max": 0.07451629058535521,
            "count": 5
        },
        "SliderBehavior.Losses.ValueLoss.mean": {
            "value": 9.525812109311422,
            "min": 6.688050443927447,
            "max": 9.525812109311422,
            "count": 5
        },
        "SliderBehavior.Losses.ValueLoss.sum": {
            "value": 9.525812109311422,
            "min": 6.688050443927447,
            "max": 9.525812109311422,
            "count": 5
        },
        "SliderBehavior.Policy.LearningRate.mean": {
            "value": 0.000154317048561,
            "min": 0.000154317048561,
            "max": 0.00020376903207699996,
            "count": 5
        },
        "SliderBehavior.Policy.LearningRate.sum": {
            "value": 0.000154317048561,
            "min": 0.000154317048561,
            "max": 0.00020376903207699996,
            "count": 5
        },
        "SliderBehavior.Policy.Epsilon.mean": {
            "value": 0.09999999999999999,
            "min": 0.09999999999999999,
            "max": 0.09999999999999999,
            "count": 5
        },
        "SliderBehavior.Policy.Epsilon.sum": {
            "value": 0.09999999999999999,
            "min": 0.09999999999999999,
            "max": 0.09999999999999999,
            "count": 5
        },
        "SliderBehavior.Policy.Beta.mean": {
            "value": 0.009999999999999998,
            "min": 0.009999999999999998,
            "max": 0.009999999999999998,
            "count": 5
        },
        "SliderBehavior.Policy.Beta.sum": {
            "value": 0.009999999999999998,
            "min": 0.009999999999999998,
            "max": 0.009999999999999998,
            "count": 5
        }
    },
    "metadata": {
        "timer_format_version": "0.1.0",
        "start_time_seconds": "1732302752",
        "python_version": "3.10.12 | packaged by Anaconda, Inc. | (main, Jul  5 2023, 19:01:18) [MSC v.1916 64 bit (AMD64)]",
        "command_line_arguments": "C:\\Users\\jferrell\\AppData\\Local\\miniconda3\\envs\\mlagents\\Scripts\\mlagents-learn .\\config\\slider_config.yaml --no-graphics --run-id=SliderBehavior-jgf-001 --resume",
        "mlagents_version": "1.1.0",
        "mlagents_envs_version": "1.1.0",
        "communication_protocol_version": "1.5.0",
        "pytorch_version": "2.2.2+cu121",
        "numpy_version": "1.23.5",
        "end_time_seconds": "1732305682"
    },
    "total": 2929.9472086000005,
    "count": 1,
    "self": 316.2245417000013,
    "children": {
        "run_training.setup": {
            "total": 0.14004859999931796,
            "count": 1,
            "self": 0.14004859999931796
        },
        "TrainerController.start_learning": {
            "total": 2613.5826183,
            "count": 1,
            "self": 0.8309688999224818,
            "children": {
                "TrainerController._reset_env": {
                    "total": 11.301434799999697,
                    "count": 1,
                    "self": 11.301434799999697
                },
                "TrainerController.advance": {
                    "total": 2601.27005820008,
                    "count": 22629,
                    "self": 0.7862038999865035,
                    "children": {
                        "env_step": {
                            "total": 2585.5403350999604,
                            "count": 22629,
                            "self": 2521.242846699921,
                            "children": {
                                "SubprocessEnvManager._take_step": {
                                    "total": 63.81263150004088,
                                    "count": 22629,
                                    "self": 1.9743833999491471,
                                    "children": {
                                        "TorchPolicy.evaluate": {
                                            "total": 61.83824810009173,
                                            "count": 22291,
                                            "self": 61.83824810009173
                                        }
                                    }
                                },
                                "workers": {
                                    "total": 0.48485689999870374,
                                    "count": 22628,
                                    "self": 0.0,
                                    "children": {
                                        "worker_root": {
                                            "total": 2599.1370197999886,
                                            "count": 22628,
                                            "is_parallel": true,
                                            "self": 116.15542620003089,
                                            "children": {
                                                "steps_from_proto": {
                                                    "total": 0.0005217000007178285,