{
    "name": "root",
    "gauges": {
        "SliderBehavior.Policy.Entropy.mean": {
            "value": 1.4193226099014282,
            "min": 1.417966365814209,
            "max": 1.4193226099014282,
            "count": 60
        },
        "SliderBehavior.Policy.Entropy.sum": {
            "value": 1439.193115234375,
            "min": 1269.7816162109375,
            "max": 1560.48095703125,
            "count": 60
        },
        "SliderBehavior.Environment.EpisodeLength.mean": {
            "value": 251.66666666666666,
            "min": 161.83333333333334,
            "max": 386.6666666666667,
            "count": 60
        },
        "SliderBehavior.Environment.EpisodeLength.sum": {
            "value": 755.0,
            "min": 755.0,
            "max": 1215.0,
            "count": 60
        },
        "SliderBehavior.Step.mean": {
            "value": 59971.0,
            "min": 889.0,
            "max": 59971.0,
            "count": 60
        },
        "SliderBehavior.Step.sum": {
            "value": 59971.0,
            "min": 889.0,
            "max": 59971.0,
            "count": 60
        },
        "SliderBehavior.Policy.ExtrinsicValueEstimate.mean": {
            "value": 5.01173734664917,
            "min": 0.03687332943081856,
            "max": 5.1356000900268555,
            "count": 60
        },
        "SliderBehavior.Policy.ExtrinsicValueEstimate.sum": {
            "value": 50.117374420166016,
            "min": 0.3318599760532379,
            "max": 56.491600036621094,
            "count": 60
        },
        "SliderBehavior.Environment.CumulativeReward.mean": {
            "value": 57.88649179538091,
            "min": 29.77940184623003,
            "max": 76.28265619277954,
            "count": 60
        },
        "SliderBehavior.Environment.CumulativeReward.sum": {
            "value": 173.65947538614273,
            "min": 144.5499997138977,
            "max": 279.2525215148926,
            "count": 60
        },
        "SliderBehavior.Policy.ExtrinsicReward.mean": {
            "value": 86.82973595460255,
            "min": 44.66910361250242,
            "max": 114.42398977279663,
            "count": 60
        },
        "SliderBehavior.Policy.ExtrinsicReward.sum": {
            "value": 260.4892078638077,
            "min": 216.82500743865967,
            "max": 418.87876892089844,
            "count": 60
        },
        "SliderBehavior.IsTraining.mean": {
            "value": 1.0,
            "min": 1.0,
            "max": 1.0,
            "count": 60
        },
        "SliderBehavior.IsTraining.sum": {
            "value": 1.0,
            "min": 1.0,
            "max": 1.0,
            "count": 60
        },
        "SliderBehavior.Losses.PolicyLoss.mean": {
            "value": 0.033358110740664415,
            "min": 0.027795932473964058,
            "max": 0.0380602230434306,
            "count": 14
        },
        "SliderBehavior.Losses.PolicyLoss.sum": {
            "value": 0.033358110740664415,
            "min": 0.027795932473964058,
            "max": 0.0380602230434306,
            "count": 14
        },
        "SliderBehavior.Losses.ValueLoss.mean": {
            "value": 96.12034261226654,
            "min": 84.79077982902527,
            "max": 120.47849464416504,
            "count": 14
        },
        "SliderBehavior.Losses.ValueLoss.sum": {
            "value": 96.12034261226654,
            "min": 84.79077982902527,
            "max": 120.47849464416504,
            "count": 14
        },
        "SliderBehavior.Policy.LearningRate.mean": {
            "value": 2.5637714541e-05,
            "min": 2.5637714541e-05,
            "max": 2.9686201046000004e-05,
            "count": 14
        },
        "SliderBehavior.Policy.LearningRate.sum": {
            "value": 2.5637714541e-05,
            "min": 2.5637714541e-05,
            "max": 2.9686201046000004e-05,
            "count": 14
        },
        "SliderBehavior.Policy.Epsilon.mean": {
            "value": 0.0572705,
            "min": 0.050523,
            "max": 0.0572705,
            "count": 14
        },
        "SliderBehavior.Policy.Epsilon.sum": {
            "value": 0.0572705,
            "min": 0.050523,
            "max": 0.0572705,
            "count": 14
        },
        "SliderBehavior.Policy.Beta.mean": {
            "value": 0.002,
            "min": 0.002,
            "max": 0.002,
            "count": 14
        },
        "SliderBehavior.Policy.Beta.sum": {
            "value": 0.002,
            "min": 0.002,
            "max": 0.002,
            "count": 14
        }
    },
    "metadata": {
        "timer_format_version": "0.1.0",
        "start_time_seconds": "1732381033",
        "python_version": "3.10.12 | packaged by Anaconda, Inc. | (main, Jul  5 2023, 19:01:18) [MSC v.1916 64 bit (AMD64)]",
        "command_line_arguments": "C:\\Users\\admin\\miniconda3\\envs\\mlagents\\Scripts\\mlagents-learn .\\config\\slider_config.yaml --run-id=SliderBehavior-jgf-001",
        "mlagents_version": "1.1.0",
        "mlagents_envs_version": "1.1.0",
        "communication_protocol_version": "1.5.0",
        "pytorch_version": "2.2.2+cu121",
        "numpy_version": "1.23.5",
        "end_time_seconds": "1732382216"
    },
    "total": 1182.6421717000003,
    "count": 1,
    "self": 0.006633900000451831,
    "children": {
        "run_training.setup": {
            "total": 0.14410029999999097,
            "count": 1,
            "self": 0.14410029999999097
        },
        "TrainerController.start_learning": {
            "total": 1182.4914374999998,
            "count": 1,
            "self": 1.160985499915114,
            "children": {
                "TrainerController._reset_env": {
                    "total": 7.914584099999956,
                    "count": 1,
                    "self": 7.914584099999956
                },
                "TrainerController.advance": {
                    "total": 1173.236064200085,
                    "count": 60466,
                    "self": 1.1086575000808807,
                    "children": {
                        "env_step": {
                            "total": 1126.3772112000015,
                            "count": 60466,
                            "self": 834.0382826000614,
                            "children": {
                                "SubprocessEnvManager._take_step": {
                                    "total": 291.56539279994195,
                                    "count": 60466,
                                    "self": 3.3602293998055757,
                                    "children": {
                                        "TorchPolicy.evaluate": {
                                            "total": 288.20516340013637,
                                            "count": 60254,
                                            "self": 288.20516340013637
                                        }
                                    }
                                },
                                "workers": {
                                    "total": 0.7735357999981716,
                                    "count": 60465,
                                    "self": 0.0,
                                    "children": {
                                        "worker_root": {
                                            "total": 1175.9932344000372,
                                            "count": 60465,
                                            "is_parallel": true,
                                            "self": 399.80230660003417,
                                            "children": {
                                                "steps_from_proto": {
                                                    "total": 0.00033970000004046597,
                                                    "count": 1,
                                                    "is_parallel": true,