{
    "name": "root",
    "gauges": {
        "SliderBehavior.Policy.Entropy.mean": {
            "value": 1.4189385175704956,
            "min": 1.4189385175704956,
            "max": 1.4189385175704956,
            "count": 1
        },
        "SliderBehavior.Policy.Entropy.sum": {
            "value": 1582.116455078125,
            "min": 1582.116455078125,
            "max": 1582.116455078125,
            "count": 1
        },
        "SliderBehavior.Environment.EpisodeLength.mean": {
            "value": 222.0,
            "min": 222.0,
            "max": 222.0,
            "count": 1
        },
        "SliderBehavior.Environment.EpisodeLength.sum": {
            "value": 1110.0,
            "min": 1110.0,
            "max": 1110.0,
            "count": 1
        },
        "SliderBehavior.Step.mean": {
            "value": 920.0,
            "min": 920.0,
            "max": 920.0,
            "count": 1
        },
        "SliderBehavior.Step.sum": {
            "value": 920.0,
            "min": 920.0,
            "max": 920.0,
            "count": 1
        },
        "SliderBehavior.Policy.ExtrinsicValueEstimate.mean": {
            "value": -0.01760452426970005,
            "min": -0.01760452426970005,
            "max": -0.01760452426970005,
            "count": 1
        },
        "SliderBehavior.Policy.ExtrinsicValueEstimate.sum": {
            "value": -0.0704180970788002,
            "min": -0.0704180970788002,
            "max": -0.0704180970788002,
            "count": 1
        },
        "SliderBehavior.Environment.CumulativeReward.mean": {
            "value": 42.985135555267334,
            "min": 42.985135555267334,
            "max": 42.985135555267334,
            "count": 1
        },
        "SliderBehavior.Environment.CumulativeReward.sum": {
            "value": 171.94054222106934,
            "min": 171.94054222106934,
            "max": 171.94054222106934,
            "count": 1
        },
        "SliderBehavior.Policy.ExtrinsicReward.mean": {
            "value": 85.97027111053467,
            "min": 85.97027111053467,
            "max": 85.97027111053467,
            "count": 1
        },
        "SliderBehavior.Policy.ExtrinsicReward.sum": {
            "value": 343.8810844421387,
            "min": 343.8810844421387,
            "max": 343.8810844421387,
            "count": 1
        },
        "SliderBehavior.IsTraining.mean": {
            "value": 1.0,
            "min": 1.0,
            "max": 1.0,
            "count": 1
        },
        "SliderBehavior.IsTraining.sum": {
            "value": 1.0,
            "min": 1.0,
            "max": 1.0,
            "count": 1
        }
    },
    "metadata": {
        "timer_format_version": "0.1.0",
        "start_time_seconds": "1732389397",
        "python_version": "3.10.12 | packaged by Anaconda, Inc. | (main, Jul  5 2023, 19:01:18) [MSC v.1916 64 bit (AMD64)]",
        "command_line_arguments": "C:\\Users\\admin\\miniconda3\\envs\\mlagents\\Scripts\\mlagents-learn .\\config\\slider_config.yaml --run-id=SliderBehavior-jgf-004",
        "mlagents_version": "1.1.0",
        "mlagents_envs_version": "1.1.0",
        "communication_protocol_version": "1.5.0",
        "pytorch_version": "2.2.2+cu121",
        "numpy_version": "1.23.5",
        "end_time_seconds": "1732389432"
    },
    "total": 35.324663400000645,
    "count": 1,
    "self": 0.006851300002381322,
    "children": {
        "run_training.setup": {
            "total": 0.12505599999894912,
            "count": 1,
            "self": 0.12505599999894912
        },
        "TrainerController.start_learning": {
            "total": 35.192756099999315,
            "count": 1,
            "self": 0.03876250005487236,
            "children": {
                "TrainerController._reset_env": {
                    "total": 10.987825899999734,
                    "count": 1,
                    "self": 10.987825899999734
                },
                "TrainerController.advance": {
                    "total": 23.994790199943964,
                    "count": 1996,
                    "self": 0.03757159995075199,
                    "children": {
                        "env_step": {
                            "total": 23.801291899977514,
                            "count": 1996,
                            "self": 14.682199299984859,
                            "children": {
                                "SubprocessEnvManager._take_step": {
                                    "total": 9.094354299986662,
                                    "count": 1996,
                                    "self": 0.10622269999657874,
                                    "children": {
                                        "TorchPolicy.evaluate": {
                                            "total": 8.988131599990083,
                                            "count": 1987,
                                            "self": 8.988131599990083
                                        }
                                    }
                                },
                                "workers": {
                                    "total": 0.02473830000599264,
                                    "count": 1995,
                                    "self": 0.0,
                                    "children": {
                                        "worker_root": {
                                            "total": 22.493168100008916,
                                            "count": 1995,
                                            "is_parallel": true,
                                            "self": 14.329622800049037,
                                            "children": {
                                                "steps_from_proto": {
                                                    "total": 0.00032640000063111074,
                                                    "count": 1,
                                                    "is_parallel": true,
                                                    "self": 0.00018210000052931719,
                                                    "children": {
                                                        "_process_rank_one_or_two_observation": {
                                                            "total": 0.00014430000010179356,
                                                            "count": 2,
                                                            "is_parallel": true,
                                                            "self": 0.00014430000010179356
                                                        }
                                                    }
                                                },
                                                "UnityEnvironment.step": {
                                                    "total": 8.163218899959247,
                                                    "count": 1995,
                                                    "is_parallel": true,
                                                    "self": 0.1487025999595062,
                                                    "children": {
                                                        "UnityEnvironment._generate_step_input": {
                                                            "total": 0.13000199999623874,
                                                            "count": 1995,
                                                            "is_parallel": true,
                                                            "self": 0.13000199999623874
                                                        },
                                                        "communicator.exchange": {
                                                            "total": 7.433259400004317,
                                                            "count": 1995,