{
    "name": "root",
    "gauges": {
        "SliderBehavior.Policy.Entropy.mean": {
            "value": 1.4167354106903076,
            "min": 1.4167354106903076,
            "max": 1.4189382791519165,
            "count": 13
        },
        "SliderBehavior.Policy.Entropy.sum": {
            "value": 1394.067626953125,
            "min": 1379.9547119140625,
            "max": 1453.773193359375,
            "count": 13
        },
        "SliderBehavior.Environment.EpisodeLength.mean": {
            "value": 43.72727272727273,
            "min": 38.11538461538461,
            "max": 52.44444444444444,
            "count": 13
        },
        "SliderBehavior.Environment.EpisodeLength.sum": {
            "value": 962.0,
            "min": 925.0,
            "max": 1050.0,
            "count": 13
        },
        "SliderBehavior.Step.mean": {
            "value": 12985.0,
            "min": 944.0,
            "max": 12985.0,
            "count": 13
        },
        "SliderBehavior.Step.sum": {
            "value": 12985.0,
            "min": 944.0,
            "max": 12985.0,
            "count": 13
        },
        "SliderBehavior.Policy.ExtrinsicValueEstimate.mean": {
            "value": 0.4501628577709198,
            "min": -0.14175522327423096,
            "max": 0.4501628577709198,
            "count": 13
        },
        "SliderBehavior.Policy.ExtrinsicValueEstimate.sum": {
            "value": 11.254071235656738,
            "min": -3.402125358581543,
            "max": 11.254071235656738,
            "count": 13
        },
        "SliderBehavior.Environment.CumulativeReward.mean": {
            "value": 5.331818269057707,
            "min": 4.080000016093254,
            "max": 7.295000070333481,
            "count": 13
        },
        "SliderBehavior.Environment.CumulativeReward.sum": {
            "value": 117.30000191926956,
            "min": 81.60000032186508,
            "max": 145.90000140666962,
            "count": 13
        },
        "SliderBehavior.Policy.ExtrinsicReward.mean": {
            "value": 7.997727253220298,
            "min": 6.119999933242798,
            "max": 10.942499899864197,
            "count": 13
        },
        "SliderBehavior.Policy.ExtrinsicReward.sum": {
            "value": 175.94999957084656,
            "min": 122.39999866485596,
            "max": 218.84999799728394,
            "count": 13
        },
        "SliderBehavior.IsTraining.mean": {
            "value": 1.0,
            "min": 1.0,
            "max": 1.0,
            "count": 13
        },
        "SliderBehavior.IsTraining.sum": {
            "value": 1.0,
            "min": 1.0,
            "max": 1.0,
            "count": 13
        },
        "SliderBehavior.Losses.PolicyLoss.mean": {
            "value": 0.05603586866891419,
            "min": 0.042978100094842375,
            "max": 0.05603586866891419,
            "count": 3
        },
        "SliderBehavior.Losses.PolicyLoss.sum": {
            "value": 0.05603586866891419,
            "min": 0.042978100094842375,
            "max": 0.05603586866891419,
            "count": 3
        },
        "SliderBehavior.Losses.ValueLoss.mean": {
            "value": 16.587637521326542,
            "min": 12.2827542796731,
            "max": 18.55914168804884,
            "count": 3
        },
        "SliderBehavior.Losses.ValueLoss.sum": {
            "value": 16.587637521326542,
            "min": 12.2827542796731,
            "max": 18.55914168804884,
            "count": 3
        },
        "SliderBehavior.Policy.LearningRate.mean": {
            "value": 4.383001234000002e-05,
            "min": 4.383001234000002e-05,
            "max": 4.7945504108999996e-05,
            "count": 3
        },
        "SliderBehavior.Policy.LearningRate.sum": {
            "value": 4.383001234000002e-05,
            "min": 4.383001234000002e-05,
            "max": 4.7945504108999996e-05,
            "count": 3
        },
        "SliderBehavior.Policy.Epsilon.mean": {
            "value": 0.056170000000000025,
            "min": 0.052054500000000004,
            "max": 0.056170000000000025,
            "count": 3
        },
        "SliderBehavior.Policy.Epsilon.sum": {
            "value": 0.056170000000000025,
            "min": 0.052054500000000004,
            "max": 0.056170000000000025,
            "count": 3
        },
        "SliderBehavior.Policy.Beta.mean": {
            "value": 0.005,
            "min": 0.005,
            "max": 0.005,
            "count": 3
        },
        "SliderBehavior.Policy.Beta.sum": {
            "value": 0.005,
            "min": 0.005,
            "max": 0.005,
            "count": 3
        }
    },
    "metadata": {
        "timer_format_version": "0.1.0",
        "start_time_seconds": "1732309966",
        "python_version": "3.10.12 | packaged by Anaconda, Inc. | (main, Jul  5 2023, 19:01:18) [MSC v.1916 64 bit (AMD64)]",
        "command_line_arguments": "C:\\Users\\jferrell\\AppData\\Local\\miniconda3\\envs\\mlagents\\Scripts\\mlagents-learn .\\config\\slider_config.yaml --run-id=SliderBehavior-jgf-004",
        "mlagents_version": "1.1.0",
        "mlagents_envs_version": "1.1.0",
        "communication_protocol_version": "1.5.0",
        "pytorch_version": "2.2.2+cu121",
        "numpy_version": "1.23.5",
        "end_time_seconds": "1732311036"
    },
    "total": 1070.4755323999998,
    "count": 1,
    "self": 0.01059489999897778,
    "children": {
        "run_training.setup": {
            "total": 0.14323090000107186,
            "count": 1,
            "self": 0.14323090000107186
        },
        "TrainerController.start_learning": {
            "total": 1070.3217065999997,
            "count": 1,
            "self": 0.49425730007351376,
            "children": {
                "TrainerController._reset_env": {
                    "total": 12.499039399999674,
                    "count": 1,
                    "self": 12.499039399999674
                },
                "TrainerController.advance": {
                    "total": 1057.1570821999285,
                    "count": 13895,
                    "self": 0.45560890005253896,
                    "children": {
                        "env_step": {
                            "total": 1040.447618199989,
                            "count": 13895,
                            "self": 1002.1068677000258,
                            "children": {
                                "SubprocessEnvManager._take_step": {
                                    "total": 38.0527447000095,
                                    "count": 13895,
                                    "self": 1.1568258000152127,
                                    "children": {
                                        "TorchPolicy.evaluate": {
                                            "total": 36.895918899994285,
                                            "count": 13646,
                                            "self": 36.895918899994285
                                        }
                                    }
                                },
                                "workers": {
                                    "total": 0.28800579995368025,
                                    "count": 13894,
                                    "self": 0.0,
                                    "children": {
                                        "worker_root": {
                                            "total": 1058.591478000002,
                                            "count": 13894,
                                            "is_parallel": true,
                                            "self": 76.94671210009437,
                                            "children": {
                                                "steps_from_proto": {
                                                    "total": 0.0005141000001458451,
                                                    "count": 1,