{
    "name": "root",
    "metadata": {
        "timer_format_version": "0.1.0",
        "start_time_seconds": "1731182530",
        "python_version": "3.10.12 | packaged by conda-forge | (main, Jun 23 2023, 22:34:57) [MSC v.1936 64 bit (AMD64)]",
        "command_line_arguments": "D:\\Conda\\envs\\mlagents\\Scripts\\mlagents-learn config/slider_config.yaml --run-id=SliderBehavior --force",
        "mlagents_version": "1.1.0",
        "mlagents_envs_version": "1.1.0",
        "communication_protocol_version": "1.5.0",
        "pytorch_version": "2.2.2+cu121",
        "numpy_version": "1.23.5",
        "end_time_seconds": "1731183687"
    },
    "total": 1156.9378393000002,
    "count": 1,
    "self": 0.38196030000017345,
    "children": {
        "run_training.setup": {
            "total": 0.4228091999998469,
            "count": 1,
            "self": 0.4228091999998469
        },
        "TrainerController.start_learning": {
            "total": 1156.1330698000002,
            "count": 1,
            "self": 0.19701170001326318,
            "children": {
                "TrainerController._reset_env": {
                    "total": 43.941570400000046,
                    "count": 1,
                    "self": 43.941570400000046
                },
                "TrainerController.advance": {
                    "total": 1110.1779388999864,
                    "count": 5545,
                    "self": 0.19393999999488187,
                    "children": {
                        "env_step": {
                            "total": 701.4713935000036,
                            "count": 5545,
                            "self": 643.1309333000029,
                            "children": {
                                "SubprocessEnvManager._take_step": {
                                    "total": 58.204511799998045,
                                    "count": 5546,
                                    "self": 0.4948830999958318,
                                    "children": {
                                        "TorchPolicy.evaluate": {
                                            "total": 57.70962870000221,
                                            "count": 5008,
                                            "self": 57.70962870000221
                                        }
                                    }
                                },
                                "workers": {
                                    "total": 0.1359484000026896,
                                    "count": 5545,
                                    "self": 0.0,
                                    "children": {
                                        "worker_root": {
                                            "total": 1082.2411347000007,
                                            "count": 5545,
                                            "is_parallel": true,
                                            "self": 510.39182399998276,
                                            "children": {
                                                "steps_from_proto": {
                                                    "total": 0.0016147999999702733,
                                                    "count": 2,
                                                    "is_parallel": true,
                                                    "self": 0.0009490000002188026,
                                                    "children": {
                                                        "_process_rank_one_or_two_observation": {
                                                            "total": 0.0006657999997514708,
                                                            "count": 4,
                                                            "is_parallel": true,
                                                            "self": 0.0006657999997514708
                                                        }
                                                    }
                                                },
                                                "UnityEnvironment.step": {
                                                    "total": 571.8476959000179,
                                                    "count": 5545,
                                                    "is_parallel": true,
                                                    "self": 0.7967332000082479,
                                                    "children": {
                                                        "UnityEnvironment._generate_step_input": {
                                                            "total": 0.5799982999978965,
                                                            "count": 5545,
                                                            "is_parallel": true,
                                                            "self": 0.5799982999978965
                                                        },
                                                        "communicator.exchange": {
                                                            "total": 568.1332471000026,
                                                            "count": 5545,
                                                            "is_parallel": true,
                                                            "self": 568.1332471000026
                                                        },
                                                        "steps_from_proto": {
                                                            "total": 2.337717300009217,
                                                            "count": 5545,
                                                            "is_parallel": true,
                                                            "self": 1.5174776000046677,
                                                            "children": {
                                                                "_process_rank_one_or_two_observation": {
                                                                    "total": 0.8202397000045494,
                                                                    "count": 11090,
                                                                    "is_parallel": true,
                                                                    "self": 0.8202397000045494
                                                                }
                                                            }
                                                        }
                                                    }
                                                }
                                            }
                                        }
                                    }
                                }
                            }
                        },
                        "trainer_advance": {
                            "total": 408.51260539998793,
                            "count": 5545,
                            "self": 0.21551749998138803,
                            "children": {
                                "process_trajectory": {
                                    "total": 5.195212900006709,
                                    "count": 5545,
                                    "self": 5.195212900006709
                                },
                                "_update_policy": {
                                    "total": 403.10187499999984,
                                    "count": 46,
                                    "self": 3.656254899998885,
                                    "children": {
                                        "TorchPPOOptimizer.update": {
                                            "total": 399.44562010000095,
                                            "count": 14904,