{"count":1,"self":553.6957952,"total":1020.1041217,"children":{"InitializeActuators":{"count":1,"self":0.0020006,"total":0.0020006,"children":null},"InitializeSensors":{"count":1,"self":0.0019998,"total":0.0019998,"children":null},"AgentSendState":{"count":276334,"self":0.8684468,"total":2.7111201,"children":{"CollectObservations":{"count":55267,"self":0.45348639999999996,"total":0.45348639999999996,"children":null},"WriteActionMask":{"count":55267,"self":0.0749898,"total":0.0749898,"children":null},"RequestDecision":{"count":55267,"self":0.24825789999999998,"total":1.3141971,"children":{"AgentInfo.ToProto":{"count":55267,"self":0.307741,"total":1.0659391999999999,"children":{"GenerateSensorData":{"count":55267,"self":0.75819819999999993,"total":0.75819819999999993,"children":null}}}}}}},"DecideAction":{"count":276334,"self":458.49088,"total":458.4908837,"children":null},"AgentAct":{"count":276334,"self":5.1993735999999995,"total":5.2013466,"children":{"AgentInfo.ToProto":{"count":249,"self":0.00097459999999999995,"total":0.0019730999999999998,"children":{"GenerateSensorData":{"count":249,"self":0.0009985,"total":0.0009985,"children":null}}}}}},"gauges":{"SliderBehavior.CumulativeReward":{"count":249,"max":359.515259,"min":45.8313446,"runningAverage":150.18251,"value":131.0509,"weightedAverage":168.3981}},"metadata":{"timer_format_version":"0.1.0","start_time_seconds":"1732413629","unity_version":"2021.3.14f1","command_line_arguments":"C:\\Program Files\\Unity\\Hub\\Editor\\2021.3.14f1\\Editor\\Unity.exe -projectpath C:\\Users\\admin\\Documents\\GitHub\\ML-Breakout -useHub -hubIPC -cloudEnvironment production -licensingIpc LicenseClient-admin -hubSessionId 1c872507-b825-46b3-86e1-85b10a38a499 -accessToken W0Alp1Jpr7kWCtOZDSoCWPo8Ji5yc1Dw-KZSDt-ezn0002f","communication_protocol_version":"1.5.0","com.unity.ml-agents_version":"2.0.1","scene_name":"ml_training_scene","end_time_seconds":"1732414649"}}