{"count":1,"self":52.6752992,"total":164.7016769,"children":{"InitializeActuators":{"count":1,"self":0.0020005,"total":0.0020005,"children":null},"InitializeSensors":{"count":1,"self":0.0020012999999999997,"total":0.0020012999999999997,"children":null},"AgentSendState":{"count":62351,"self":0.2539819,"total":0.7913484,"children":{"CollectObservations":{"count":12471,"self":0.14210319999999999,"total":0.14210319999999999,"children":null},"WriteActionMask":{"count":12471,"self":0.014914199999999999,"total":0.014914199999999999,"children":null},"RequestDecision":{"count":12471,"self":0.0814298,"total":0.3803491,"children":{"AgentInfo.ToProto":{"count":12471,"self":0.0875885,"total":0.2989193,"children":{"GenerateSensorData":{"count":12471,"self":0.21133079999999999,"total":0.21133079999999999,"children":null}}}}}}},"DecideAction":{"count":62351,"self":110.0173056,"total":110.01731099999999,"children":null},"AgentAct":{"count":62351,"self":1.2117499,"total":1.2127143,"children":{"AgentInfo.ToProto":{"count":59,"self":0.00096439999999999991,"total":0.00096439999999999991,"children":{"GenerateSensorData":{"count":59,"self":0,"total":0,"children":null}}}}}},"gauges":{"SliderBehavior.CumulativeReward":{"count":59,"max":86.57088,"min":14.9268522,"runningAverage":36.42181,"value":23.5802174,"weightedAverage":29.6360512}},"metadata":{"timer_format_version":"0.1.0","start_time_seconds":"1732409076","unity_version":"2021.3.14f1","command_line_arguments":"C:\\Program Files\\Unity\\Hub\\Editor\\2021.3.14f1\\Editor\\Unity.exe -projectpath C:\\Users\\admin\\Documents\\GitHub\\ML-Breakout -useHub -hubIPC -cloudEnvironment production -licensingIpc LicenseClient-admin -hubSessionId 1c872507-b825-46b3-86e1-85b10a38a499 -accessToken W0Alp1Jpr7kWCtOZDSoCWPo8Ji5yc1Dw-KZSDt-ezn0002f","communication_protocol_version":"1.5.0","com.unity.ml-agents_version":"2.0.1","scene_name":"ml_training_scene","end_time_seconds":"1732409240"}}