{
    "name": "root",
    "metadata": {
        "timer_format_version": "0.1.0",
        "start_time_seconds": "1731044757",
        "python_version": "3.10.12 | packaged by conda-forge | (main, Jun 23 2023, 22:34:57) [MSC v.1936 64 bit (AMD64)]",
        "command_line_arguments": "D:\\Conda\\envs\\mlagents\\Scripts\\mlagents-learn config/slider_config.yaml --run-id=SliderBehavior --force",
        "mlagents_version": "1.1.0",
        "mlagents_envs_version": "1.1.0",
        "communication_protocol_version": "1.5.0",
        "pytorch_version": "2.2.2+cu121",
        "numpy_version": "1.23.5",
        "end_time_seconds": "1731045343"
    },
    "total": 586.626972500002,
    "count": 1,
    "self": 0.020143499990808778,
    "children": {
        "run_training.setup": {
            "total": 0.32437270000809804,
            "count": 1,
            "self": 0.32437270000809804
        },
        "TrainerController.start_learning": {
            "total": 586.2824563000031,
            "count": 1,
            "self": 0.16348409972852096,
            "children": {
                "TrainerController._reset_env": {
                    "total": 53.19348929999978,
                    "count": 1,
                    "self": 53.19348929999978
                },
                "TrainerController.advance": {
                    "total": 532.0683929002698,
                    "count": 5135,
                    "self": 0.16097340092528611,
                    "children": {
                        "env_step": {
                            "total": 197.27654819964664,
                            "count": 5135,
                            "self": 151.2428934997879,
                            "children": {
                                "SubprocessEnvManager._take_step": {
                                    "total": 45.92609149978671,
                                    "count": 5135,
                                    "self": 0.4346498996746959,
                                    "children": {
                                        "TorchPolicy.evaluate": {
                                            "total": 45.49144160011201,
                                            "count": 5041,
                                            "self": 45.49144160011201
                                        }
                                    }
                                },
                                "workers": {
                                    "total": 0.10756320007203612,
                                    "count": 5135,
                                    "self": 0.0,
                                    "children": {
                                        "worker_root": {
                                            "total": 548.5364767009742,
                                            "count": 5135,
                                            "is_parallel": true,
                                            "self": 405.4367306011991,
                                            "children": {
                                                "steps_from_proto": {
                                                    "total": 0.0018400999979348853,
                                                    "count": 1,
                                                    "is_parallel": true,
                                                    "self": 0.001262500009033829,
                                                    "children": {
                                                        "_process_rank_one_or_two_observation": {
                                                            "total": 0.0005775999889010563,
                                                            "count": 2,
                                                            "is_parallel": true,
                                                            "self": 0.0005775999889010563
                                                        }
                                                    }
                                                },
                                                "UnityEnvironment.step": {
                                                    "total": 143.09790599977714,
                                                    "count": 5135,
                                                    "is_parallel": true,
                                                    "self": 0.6540440991375363,
                                                    "children": {
                                                        "UnityEnvironment._generate_step_input": {
                                                            "total": 0.5121533003111836,
                                                            "count": 5135,
                                                            "is_parallel": true,
                                                            "self": 0.5121533003111836
                                                        },
                                                        "communicator.exchange": {
                                                            "total": 139.96531810007582,
                                                            "count": 5135,
                                                            "is_parallel": true,
                                                            "self": 139.96531810007582
                                                        },
                                                        "steps_from_proto": {
                                                            "total": 1.9663905002526008,
                                                            "count": 5135,
                                                            "is_parallel": true,
                                                            "self": 1.2902214988862397,
                                                            "children": {
                                                                "_process_rank_one_or_two_observation": {
                                                                    "total": 0.676169001366361,
                                                                    "count": 10270,
                                                                    "is_parallel": true,
                                                                    "self": 0.676169001366361
                                                                }
                                                            }
                                                        }
                                                    }
                                                }
                                            }
                                        }
                                    }
                                }
                            }
                        },
                        "trainer_advance": {
                            "total": 334.6308712996979,
                            "count": 5135,
                            "self": 0.18051890046626795,
                            "children": {
                                "process_trajectory": {
                                    "total": 1.1079728992917808,
                                    "count": 5135,
                                    "self": 1.1079728992917808
                                },
                                "_update_policy": {
                                    "total": 333.34237949993985,
                                    "count": 39,
                                    "self": 2.9822562011540867,
                                    "children": {
                                        "TorchPPOOptimizer.update": {
                                            "total": 330.36012329878577,
                                            "count": 14724,