{
    "name": "root",
    "metadata": {
        "timer_format_version": "0.1.0",
        "start_time_seconds": "1731888334",
        "python_version": "3.10.12 | packaged by conda-forge | (main, Jun 23 2023, 22:34:57) [MSC v.1936 64 bit (AMD64)]",
        "command_line_arguments": "D:\\Conda\\envs\\mlagents\\Scripts\\mlagents-learn config/slider_config.yaml --run-id=SliderBehavior --force",
        "mlagents_version": "1.1.0",
        "mlagents_envs_version": "1.1.0",
        "communication_protocol_version": "1.5.0",
        "pytorch_version": "2.2.2+cu121",
        "numpy_version": "1.23.5",
        "end_time_seconds": "1731888446"
    },
    "total": 111.72658870002488,
    "count": 1,
    "self": 0.016685600043274462,
    "children": {
        "run_training.setup": {
            "total": 0.2271267999894917,
            "count": 1,
            "self": 0.2271267999894917
        },
        "TrainerController.start_learning": {
            "total": 111.48277629999211,
            "count": 1,
            "self": 0.08769880019826815,
            "children": {
                "TrainerController._reset_env": {
                    "total": 18.246976100024767,
                    "count": 1,
                    "self": 18.246976100024767
                },
                "TrainerController.advance": {
                    "total": 93.01737499976298,
                    "count": 3059,
                    "self": 0.09029199864016846,
                    "children": {
                        "env_step": {
                            "total": 90.67419949930627,
                            "count": 3059,
                            "self": 60.15945609728806,
                            "children": {
                                "SubprocessEnvManager._take_step": {
                                    "total": 30.453893400495872,
                                    "count": 3059,
                                    "self": 0.24668670009123161,
                                    "children": {
                                        "TorchPolicy.evaluate": {
                                            "total": 30.20720670040464,
                                            "count": 3003,
                                            "self": 30.20720670040464
                                        }
                                    }
                                },
                                "workers": {
                                    "total": 0.06085000152233988,
                                    "count": 3059,
                                    "self": 0.0,
                                    "children": {
                                        "worker_root": {
                                            "total": 99.26841950009111,
                                            "count": 3059,
                                            "is_parallel": true,
                                            "self": 43.67849760130048,
                                            "children": {
                                                "steps_from_proto": {
                                                    "total": 0.000982099969405681,
                                                    "count": 1,
                                                    "is_parallel": true,
                                                    "self": 0.0006655000033788383,
                                                    "children": {
                                                        "_process_rank_one_or_two_observation": {
                                                            "total": 0.0003165999660268426,
                                                            "count": 2,
                                                            "is_parallel": true,
                                                            "self": 0.0003165999660268426
                                                        }
                                                    }
                                                },
                                                "UnityEnvironment.step": {
                                                    "total": 55.58893979882123,
                                                    "count": 3059,
                                                    "is_parallel": true,
                                                    "self": 0.3655546933878213,
                                                    "children": {
                                                        "UnityEnvironment._generate_step_input": {
                                                            "total": 0.30948700179578736,
                                                            "count": 3059,
                                                            "is_parallel": true,
                                                            "self": 0.30948700179578736
                                                        },
                                                        "communicator.exchange": {
                                                            "total": 53.81463840173092,
                                                            "count": 3059,
                                                            "is_parallel": true,
                                                            "self": 53.81463840173092
                                                        },
                                                        "steps_from_proto": {
                                                            "total": 1.0992597019067034,
                                                            "count": 3059,
                                                            "is_parallel": true,
                                                            "self": 0.7180340038612485,
                                                            "children": {
                                                                "_process_rank_one_or_two_observation": {
                                                                    "total": 0.3812256980454549,
                                                                    "count": 6118,
                                                                    "is_parallel": true,
                                                                    "self": 0.3812256980454549
                                                                }
                                                            }
                                                        }
                                                    }
                                                }
                                            }
                                        }
                                    }
                                }
                            }
                        },
                        "trainer_advance": {
                            "total": 2.252883501816541,
                            "count": 3059,
                            "self": 0.09642449975945055,
                            "children": {
                                "process_trajectory": {
                                    "total": 0.9526750020449981,
                                    "count": 3059,
                                    "self": 0.9526750020449981
                                },
                                "_update_policy": {
                                    "total": 1.2037840000120923,
                                    "count": 1,
                                    "self": 0.2603667000075802,
                                    "children": {
                                        "TorchPPOOptimizer.update": {
                                            "total": 0.9434173000045121,
                                            "count": 1,