{
    "name": "root",
    "gauges": {
        "SliderBehavior.Policy.Entropy.mean": {
            "value": 1.4190690517425537,
            "min": 1.4186286926269531,
            "max": 1.4198551177978516,
            "count": 71
        },
        "SliderBehavior.Policy.Entropy.sum": {
            "value": 1620.576904296875,
            "min": 1076.974365234375,
            "max": 1868.529296875,
            "count": 71
        },
        "SliderBehavior.Environment.EpisodeLength.mean": {
            "value": 189.33333333333334,
            "min": 156.33333333333334,
            "max": 825.0,
            "count": 71
        },
        "SliderBehavior.Environment.EpisodeLength.sum": {
            "value": 1136.0,
            "min": 474.0,
            "max": 1821.0,
            "count": 71
        },
        "SliderBehavior.Step.mean": {
            "value": 70993.0,
            "min": 893.0,
            "max": 70993.0,
            "count": 71
        },
        "SliderBehavior.Step.sum": {
            "value": 70993.0,
            "min": 893.0,
            "max": 70993.0,
            "count": 71
        },
        "SliderBehavior.Policy.ExtrinsicValueEstimate.mean": {
            "value": 5.054651260375977,
            "min": -0.031427137553691864,
            "max": 5.878993511199951,
            "count": 71
        },
        "SliderBehavior.Policy.ExtrinsicValueEstimate.sum": {
            "value": 30.32790756225586,
            "min": -0.18856282532215118,
            "max": 30.32790756225586,
            "count": 71
        },
        "SliderBehavior.Environment.CumulativeReward.mean": {
            "value": 35.65799490610758,
            "min": 31.22639497121175,
            "max": 70.78647537231446,
            "count": 71
        },
        "SliderBehavior.Environment.CumulativeReward.sum": {
            "value": 213.9479694366455,
            "min": 61.35369110107422,
            "max": 353.93237686157227,
            "count": 71
        },
        "SliderBehavior.Policy.ExtrinsicReward.mean": {
            "value": 71.31598981221516,
            "min": 62.4527899424235,
            "max": 141.5729507446289,
            "count": 71
        },
        "SliderBehavior.Policy.ExtrinsicReward.sum": {
            "value": 427.895938873291,
            "min": 122.70738220214844,
            "max": 707.8647537231445,
            "count": 71
        },
        "SliderBehavior.IsTraining.mean": {
            "value": 1.0,
            "min": 1.0,
            "max": 1.0,
            "count": 71
        },
        "SliderBehavior.IsTraining.sum": {
            "value": 1.0,
            "min": 1.0,
            "max": 1.0,
            "count": 71
        },
        "SliderBehavior.Losses.PolicyLoss.mean": {
            "value": 0.016487672153743915,
            "min": 0.014401145079318667,
            "max": 0.01807295725302538,
            "count": 4
        },
        "SliderBehavior.Losses.PolicyLoss.sum": {
            "value": 0.016487672153743915,
            "min": 0.014401145079318667,
            "max": 0.01807295725302538,
            "count": 4
        },
        "SliderBehavior.Losses.ValueLoss.mean": {
            "value": 218.4214391708374,
            "min": 218.4214391708374,
            "max": 323.76347494125366,
            "count": 4
        },
        "SliderBehavior.Losses.ValueLoss.sum": {
            "value": 218.4214391708374,
            "min": 218.4214391708374,
            "max": 323.76347494125366,
            "count": 4
        },
        "SliderBehavior.Policy.LearningRate.mean": {
            "value": 2.8677324408933327e-05,
            "min": 2.8677324408933327e-05,
            "max": 2.966606111313333e-05,
            "count": 4
        },
        "SliderBehavior.Policy.LearningRate.sum": {
            "value": 2.8677324408933327e-05,
            "min": 2.8677324408933327e-05,
            "max": 2.966606111313333e-05,
            "count": 4
        },
        "SliderBehavior.Policy.Epsilon.mean": {
            "value": 0.05220446666666667,
            "min": 0.05055656666666668,
            "max": 0.05220446666666667,
            "count": 4
        },
        "SliderBehavior.Policy.Epsilon.sum": {
            "value": 0.05220446666666667,
            "min": 0.05055656666666668,
            "max": 0.05220446666666667,
            "count": 4
        },
        "SliderBehavior.Policy.Beta.mean": {
            "value": 0.0005,
            "min": 0.0005,
            "max": 0.0005,
            "count": 4
        },
        "SliderBehavior.Policy.Beta.sum": {
            "value": 0.0005,
            "min": 0.0005,
            "max": 0.0005,
            "count": 4
        }
    },
    "metadata": {
        "timer_format_version": "0.1.0",
        "start_time_seconds": "1732391253",
        "python_version": "3.10.12 | packaged by Anaconda, Inc. | (main, Jul  5 2023, 19:01:18) [MSC v.1916 64 bit (AMD64)]",
        "command_line_arguments": "C:\\Users\\admin\\miniconda3\\envs\\mlagents\\Scripts\\mlagents-learn .\\config\\slider_config.yaml --run-id=SliderBehavior-jgf-005",
        "mlagents_version": "1.1.0",
        "mlagents_envs_version": "1.1.0",
        "communication_protocol_version": "1.5.0",
        "pytorch_version": "2.2.2+cu121",
        "numpy_version": "1.23.5",
        "end_time_seconds": "1732393323"
    },
    "total": 2070.4622631,
    "count": 1,
    "self": 0.008352200002263999,
    "children": {
        "run_training.setup": {
            "total": 0.5291201000000001,
            "count": 1,
            "self": 0.5291201000000001
        },
        "TrainerController.start_learning": {
            "total": 2069.924790799998,
            "count": 1,
            "self": 2.149067400890999,
            "children": {
                "TrainerController._reset_env": {
                    "total": 29.510887899999943,
                    "count": 1,
                    "self": 29.510887899999943
                },
                "TrainerController.advance": {
                    "total": 2038.0077198991057,
                    "count": 71981,
                    "self": 2.2157630990859616,
                    "children": {
                        "env_step": {
                            "total": 1993.830214699894,
                            "count": 71981,
                            "self": 1438.7211202998733,
                            "children": {
                                "SubprocessEnvManager._take_step": {
                                    "total": 553.6852276000318,
                                    "count": 71981,
                                    "self": 6.205278600153179,
                                    "children": {
                                        "TorchPolicy.evaluate": {
                                            "total": 547.4799489998786,
                                            "count": 71714,
                                            "self": 547.4799489998786
                                        }
                                    }
                                },
                                "workers": {
                                    "total": 1.4238667999889003,
                                    "count": 71980,
                                    "self": 0.0,
                                    "children": {
                                        "worker_root": {
                                            "total": 2034.1731790000704,
                                            "count": 71980,
                                            "is_parallel": true,
                                            "self": 720.6124851995319,
                                            "children": {
                                                "steps_from_proto": {
                                                    "total": 0.001262099998712074,
                                                    "count": 1,