{
    "name": "root",
    "gauges": {
        "SliderBehavior.Policy.Entropy.mean": {
            "value": 1.4222605228424072,
            "min": 1.4189382791519165,
            "max": 1.4222605228424072,
            "count": 13
        },
        "SliderBehavior.Policy.Entropy.sum": {
            "value": 1390.9708251953125,
            "min": 1336.639892578125,
            "max": 1505.49365234375,
            "count": 13
        },
        "SliderBehavior.Environment.EpisodeLength.mean": {
            "value": 45.57142857142857,
            "min": 38.52,
            "max": 54.77777777777778,
            "count": 13
        },
        "SliderBehavior.Environment.EpisodeLength.sum": {
            "value": 957.0,
            "min": 915.0,
            "max": 1028.0,
            "count": 13
        },
        "SliderBehavior.Step.mean": {
            "value": 12985.0,
            "min": 997.0,
            "max": 12985.0,
            "count": 13
        },
        "SliderBehavior.Step.sum": {
            "value": 12985.0,
            "min": 997.0,
            "max": 12985.0,
            "count": 13
        },
        "SliderBehavior.Policy.ExtrinsicValueEstimate.mean": {
            "value": 0.9343852996826172,
            "min": 0.14851640164852142,
            "max": 0.9343852996826172,
            "count": 13
        },
        "SliderBehavior.Policy.ExtrinsicValueEstimate.sum": {
            "value": 22.425247192382812,
            "min": 3.415877103805542,
            "max": 22.425247192382812,
            "count": 13
        },
        "SliderBehavior.Environment.CumulativeReward.mean": {
            "value": 5.778282128629231,
            "min": 4.246027394481327,
            "max": 7.909530229038662,
            "count": 13
        },
        "SliderBehavior.Environment.CumulativeReward.sum": {
            "value": 121.34392470121384,
            "min": 97.65863007307053,
            "max": 143.459066927433,
            "count": 13
        },
        "SliderBehavior.Policy.ExtrinsicReward.mean": {
            "value": 6.93393908228193,
            "min": 5.09523311905239,
            "max": 9.491436547703213,
            "count": 13
        },
        "SliderBehavior.Policy.ExtrinsicReward.sum": {
            "value": 145.61272072792053,
            "min": 117.19036173820496,
            "max": 172.15088880062103,
            "count": 13
        },
        "SliderBehavior.IsTraining.mean": {
            "value": 1.0,
            "min": 1.0,
            "max": 1.0,
            "count": 13
        },
        "SliderBehavior.IsTraining.sum": {
            "value": 1.0,
            "min": 1.0,
            "max": 1.0,
            "count": 13
        },
        "SliderBehavior.Losses.PolicyLoss.mean": {
            "value": 0.049633456736046355,
            "min": 0.043536346554901684,
            "max": 0.049633456736046355,
            "count": 3
        },
        "SliderBehavior.Losses.PolicyLoss.sum": {
            "value": 0.049633456736046355,
            "min": 0.043536346554901684,
            "max": 0.049633456736046355,
            "count": 3
        },
        "SliderBehavior.Losses.ValueLoss.mean": {
            "value": 10.343244679272175,
            "min": 10.343244679272175,
            "max": 11.71743494272232,
            "count": 3
        },
        "SliderBehavior.Losses.ValueLoss.sum": {
            "value": 10.343244679272175,
            "min": 10.343244679272175,
            "max": 11.71743494272232,
            "count": 3
        },
        "SliderBehavior.Policy.LearningRate.mean": {
            "value": 4.6921506157e-05,
            "min": 4.6921506157e-05,
            "max": 4.8974752050500016e-05,
            "count": 3
        },
        "SliderBehavior.Policy.LearningRate.sum": {
            "value": 4.6921506157e-05,
            "min": 4.6921506157e-05,
            "max": 4.8974752050500016e-05,
            "count": 3
        },
        "SliderBehavior.Policy.Epsilon.mean": {
            "value": 0.05307850000000002,
            "min": 0.051025250000000015,
            "max": 0.05307850000000002,
            "count": 3
        },
        "SliderBehavior.Policy.Epsilon.sum": {
            "value": 0.05307850000000002,
            "min": 0.051025250000000015,
            "max": 0.05307850000000002,
            "count": 3
        },
        "SliderBehavior.Policy.Beta.mean": {
            "value": 0.0030000000000000005,
            "min": 0.0030000000000000005,
            "max": 0.0030000000000000005,
            "count": 3
        },
        "SliderBehavior.Policy.Beta.sum": {
            "value": 0.0030000000000000005,
            "min": 0.0030000000000000005,
            "max": 0.0030000000000000005,
            "count": 3
        }
    },
    "metadata": {
        "timer_format_version": "0.1.0",
        "start_time_seconds": "1732311768",
        "python_version": "3.10.12 | packaged by Anaconda, Inc. | (main, Jul  5 2023, 19:01:18) [MSC v.1916 64 bit (AMD64)]",
        "command_line_arguments": "C:\\Users\\jferrell\\AppData\\Local\\miniconda3\\envs\\mlagents\\Scripts\\mlagents-learn .\\config\\slider_config.yaml --run-id=SliderBehavior-jgf-005",
        "mlagents_version": "1.1.0",
        "mlagents_envs_version": "1.1.0",
        "communication_protocol_version": "1.5.0",
        "pytorch_version": "2.2.2+cu121",
        "numpy_version": "1.23.5",
        "end_time_seconds": "1732312667"
    },
    "total": 899.0977688000003,
    "count": 1,
    "self": 0.010247899997921195,
    "children": {
        "run_training.setup": {
            "total": 0.4669418000012229,
            "count": 1,
            "self": 0.4669418000012229
        },
        "TrainerController.start_learning": {
            "total": 898.6205791000011,
            "count": 1,
            "self": 0.41951649994916806,
            "children": {
                "TrainerController._reset_env": {
                    "total": 50.17070820000117,
                    "count": 1,
                    "self": 50.17070820000117
                },
                "TrainerController.advance": {
                    "total": 847.7829349000513,
                    "count": 13241,
                    "self": 0.4131261000493396,
                    "children": {
                        "env_step": {
                            "total": 831.8057493000942,
                            "count": 13241,
                            "self": 792.7534930999882,
                            "children": {
                                "SubprocessEnvManager._take_step": {
                                    "total": 38.786546100107444,
                                    "count": 13241,
                                    "self": 1.1007910000498669,
                                    "children": {
                                        "TorchPolicy.evaluate": {
                                            "total": 37.68575510005758,
                                            "count": 13027,
                                            "self": 37.68575510005758
                                        }
                                    }
                                },
                                "workers": {
                                    "total": 0.26571009999861417,
                                    "count": 13240,
                                    "self": 0.0,
                                    "children": {
                                        "worker_root": {
                                            "total": 849.1367472000584,
                                            "count": 13240,
                                            "is_parallel": true,
                                            "self": 75.92665370018221,
                                            "children": {
                                                "steps_from_proto": {
                                                    "total": 0.0006534000003739493,