{
    "name": "root",
    "gauges": {
        "SliderBehavior.Policy.Entropy.mean": {
            "value": 1.419217824935913,
            "min": 1.418938159942627,
            "max": 1.419217824935913,
            "count": 33
        },
        "SliderBehavior.Policy.Entropy.sum": {
            "value": 1246.0732421875,
            "min": 1184.8135986328125,
            "max": 1684.280029296875,
            "count": 33
        },
        "SliderBehavior.Environment.EpisodeLength.mean": {
            "value": 218.5,
            "min": 184.2,
            "max": 286.6666666666667,
            "count": 33
        },
        "SliderBehavior.Environment.EpisodeLength.sum": {
            "value": 874.0,
            "min": 831.0,
            "max": 1181.0,
            "count": 33
        },
        "SliderBehavior.Step.mean": {
            "value": 32721.0,
            "min": 875.0,
            "max": 32721.0,
            "count": 33
        },
        "SliderBehavior.Step.sum": {
            "value": 32721.0,
            "min": 875.0,
            "max": 32721.0,
            "count": 33
        },
        "SliderBehavior.Policy.ExtrinsicValueEstimate.mean": {
            "value": 0.3297406733036041,
            "min": -0.02910708077251911,
            "max": 0.39123785495758057,
            "count": 33
        },
        "SliderBehavior.Policy.ExtrinsicValueEstimate.sum": {
            "value": 1.3189626932144165,
            "min": -0.1364031732082367,
            "max": 1.725560188293457,
            "count": 33
        },
        "SliderBehavior.Environment.CumulativeReward.mean": {
            "value": 47.49374961853027,
            "min": 35.649505615234375,
            "max": 64.81213633219402,
            "count": 33
        },
        "SliderBehavior.Environment.CumulativeReward.sum": {
            "value": 189.9749984741211,
            "min": 159.05284118652344,
            "max": 262.96778106689453,
            "count": 33
        },
        "SliderBehavior.Policy.ExtrinsicReward.mean": {
            "value": 94.98749923706055,
            "min": 71.29901123046875,
            "max": 129.62427266438803,
            "count": 33
        },
        "SliderBehavior.Policy.ExtrinsicReward.sum": {
            "value": 379.9499969482422,
            "min": 318.1056823730469,
            "max": 525.9355621337891,
            "count": 33
        },
        "SliderBehavior.IsTraining.mean": {
            "value": 1.0,
            "min": 1.0,
            "max": 1.0,
            "count": 33
        },
        "SliderBehavior.IsTraining.sum": {
            "value": 1.0,
            "min": 1.0,
            "max": 1.0,
            "count": 33
        },
        "SliderBehavior.Losses.PolicyLoss.mean": {
            "value": 0.01600493080513843,
            "min": 0.01600493080513843,
            "max": 0.01600493080513843,
            "count": 1
        },
        "SliderBehavior.Losses.PolicyLoss.sum": {
            "value": 0.01600493080513843,
            "min": 0.01600493080513843,
            "max": 0.01600493080513843,
            "count": 1
        },
        "SliderBehavior.Losses.ValueLoss.mean": {
            "value": 290.25564908981323,
            "min": 290.25564908981323,
            "max": 290.25564908981323,
            "count": 1
        },
        "SliderBehavior.Losses.ValueLoss.sum": {
            "value": 290.25564908981323,
            "min": 290.25564908981323,
            "max": 290.25564908981323,
            "count": 1
        },
        "SliderBehavior.Policy.LearningRate.mean": {
            "value": 2.9668161106133325e-05,
            "min": 2.9668161106133325e-05,
            "max": 2.9668161106133325e-05,
            "count": 1
        },
        "SliderBehavior.Policy.LearningRate.sum": {
            "value": 2.9668161106133325e-05,
            "min": 2.9668161106133325e-05,
            "max": 2.9668161106133325e-05,
            "count": 1
        },
        "SliderBehavior.Policy.Epsilon.mean": {
            "value": 0.05055306666666669,
            "min": 0.05055306666666669,
            "max": 0.05055306666666669,
            "count": 1
        },
        "SliderBehavior.Policy.Epsilon.sum": {
            "value": 0.05055306666666669,
            "min": 0.05055306666666669,
            "max": 0.05055306666666669,
            "count": 1
        },
        "SliderBehavior.Policy.Beta.mean": {
            "value": 0.0005,
            "min": 0.0005,
            "max": 0.0005,
            "count": 1
        },
        "SliderBehavior.Policy.Beta.sum": {
            "value": 0.0005,
            "min": 0.0005,
            "max": 0.0005,
            "count": 1
        }
    },
    "metadata": {
        "timer_format_version": "0.1.0",
        "start_time_seconds": "1732395678",
        "python_version": "3.10.12 | packaged by Anaconda, Inc. | (main, Jul  5 2023, 19:01:18) [MSC v.1916 64 bit (AMD64)]",
        "command_line_arguments": "C:\\Users\\admin\\miniconda3\\envs\\mlagents\\Scripts\\mlagents-learn .\\config\\slider_config.yaml --run-id=SliderBehavior-jgf-006 --force",
        "mlagents_version": "1.1.0",
        "mlagents_envs_version": "1.1.0",
        "communication_protocol_version": "1.5.0",
        "pytorch_version": "2.2.2+cu121",
        "numpy_version": "1.23.5",
        "end_time_seconds": "1732396241"
    },
    "total": 562.6600175999993,
    "count": 1,
    "self": 0.007569100002001505,
    "children": {
        "run_training.setup": {
            "total": 0.12181199999758974,
            "count": 1,
            "self": 0.12181199999758974
        },
        "TrainerController.start_learning": {
            "total": 562.5306364999997,
            "count": 1,
            "self": 0.6617818996346614,
            "children": {
                "TrainerController._reset_env": {
                    "total": 10.871157199999288,
                    "count": 1,
                    "self": 10.871157199999288
                },
                "TrainerController.advance": {
                    "total": 550.7860724003658,
                    "count": 33534,
                    "self": 0.6225636999915878,
                    "children": {
                        "env_step": {
                            "total": 531.5881640999796,
                            "count": 33534,
                            "self": 358.6469547999004,
                            "children": {
                                "SubprocessEnvManager._take_step": {
                                    "total": 172.49793410000348,
                                    "count": 33534,
                                    "self": 1.9672716996574309,
                                    "children": {
                                        "TorchPolicy.evaluate": {
                                            "total": 170.53066240034605,
                                            "count": 33411,
                                            "self": 170.53066240034605
                                        }
                                    }
                                },
                                "workers": {
                                    "total": 0.44327520007573185,
                                    "count": 33533,
                                    "self": 0.0,
                                    "children": {
                                        "worker_root": {
                                            "total": 542.9439337003641,
                                            "count": 33533,
                                            "is_parallel": true,
                                            "self": 228.40445580004234,
                                            "children": {
                                                "steps_from_proto": {
                                                    "total": 0.0003572999994503334,
                                                    "count": 1,