{
    "name": "root",
    "gauges": {
        "SliderBehavior.Policy.Entropy.mean": {
            "value": 1.4204614162445068,
            "min": 1.4160956144332886,
            "max": 1.4205647706985474,
            "count": 54
        },
        "SliderBehavior.Policy.Entropy.sum": {
            "value": 1404.8363037109375,
            "min": 1336.7021484375,
            "max": 1505.49365234375,
            "count": 54
        },
        "SliderBehavior.Step.mean": {
            "value": 53942.0,
            "min": 997.0,
            "max": 53942.0,
            "count": 54
        },
        "SliderBehavior.Step.sum": {
            "value": 53942.0,
            "min": 997.0,
            "max": 53942.0,
            "count": 54
        },
        "SliderBehavior.Policy.ExtrinsicValueEstimate.mean": {
            "value": 8.487893104553223,
            "min": -0.25157082080841064,
            "max": 9.341802597045898,
            "count": 54
        },
        "SliderBehavior.Policy.ExtrinsicValueEstimate.sum": {
            "value": 152.78207397460938,
            "min": -4.276703834533691,
            "max": 159.16632080078125,
            "count": 54
        },
        "SliderBehavior.Environment.EpisodeLength.mean": {
            "value": 209.6,
            "min": 164.16666666666666,
            "max": 372.8333333333333,
            "count": 53
        },
        "SliderBehavior.Environment.EpisodeLength.sum": {
            "value": 1048.0,
            "min": 754.0,
            "max": 2237.0,
            "count": 53
        },
        "SliderBehavior.Environment.CumulativeReward.mean": {
            "value": 46.02509423196316,
            "min": 33.91781763235728,
            "max": 66.77094680815935,
            "count": 53
        },
        "SliderBehavior.Environment.CumulativeReward.sum": {
            "value": 230.1254711598158,
            "min": 154.7382751405239,
            "max": 400.6256808489561,
            "count": 53
        },
        "SliderBehavior.Policy.ExtrinsicReward.mean": {
            "value": 55.23011403083801,
            "min": 40.70138363043467,
            "max": 80.12514064709346,
            "count": 53
        },
        "SliderBehavior.Policy.ExtrinsicReward.sum": {
            "value": 276.15057015419006,
            "min": 185.68593168258667,
            "max": 480.75084388256073,
            "count": 53
        },
        "SliderBehavior.IsTraining.mean": {
            "value": 1.0,
            "min": 1.0,
            "max": 1.0,
            "count": 54
        },
        "SliderBehavior.IsTraining.sum": {
            "value": 1.0,
            "min": 1.0,
            "max": 1.0,
            "count": 54
        },
        "SliderBehavior.Losses.PolicyLoss.mean": {
            "value": 0.04965635274129454,
            "min": 0.04230836110218661,
            "max": 0.05000702922552591,
            "count": 13
        },
        "SliderBehavior.Losses.PolicyLoss.sum": {
            "value": 0.04965635274129454,
            "min": 0.04230836110218661,
            "max": 0.05000702922552591,
            "count": 13
        },
        "SliderBehavior.Losses.ValueLoss.mean": {
            "value": 34.54517252743244,
            "min": 26.954855665564537,
            "max": 41.82747012376785,
            "count": 13
        },
        "SliderBehavior.Losses.ValueLoss.sum": {
            "value": 34.54517252743244,
            "min": 26.954855665564537,
            "max": 41.82747012376785,
            "count": 13
        },
        "SliderBehavior.Policy.LearningRate.mean": {
            "value": 3.66000268e-05,
            "min": 3.66000268e-05,
            "max": 4.897275205450002e-05,
            "count": 13
        },
        "SliderBehavior.Policy.LearningRate.sum": {
            "value": 3.66000268e-05,
            "min": 3.66000268e-05,
            "max": 4.897275205450002e-05,
            "count": 13
        },
        "SliderBehavior.Policy.Epsilon.mean": {
            "value": 0.06340000000000001,
            "min": 0.051027249999999996,
            "max": 0.06340000000000001,
            "count": 13
        },
        "SliderBehavior.Policy.Epsilon.sum": {
            "value": 0.06340000000000001,
            "min": 0.051027249999999996,
            "max": 0.06340000000000001,
            "count": 13
        },
        "SliderBehavior.Policy.Beta.mean": {
            "value": 0.0030000000000000005,
            "min": 0.0030000000000000005,
            "max": 0.0030000000000000005,
            "count": 13
        },
        "SliderBehavior.Policy.Beta.sum": {
            "value": 0.0030000000000000005,
            "min": 0.0030000000000000005,
            "max": 0.0030000000000000005,
            "count": 13
        }
    },
    "metadata": {
        "timer_format_version": "0.1.0",
        "start_time_seconds": "1732379474",
        "python_version": "3.10.12 | packaged by Anaconda, Inc. | (main, Jul  5 2023, 19:01:18) [MSC v.1916 64 bit (AMD64)]",
        "command_line_arguments": "C:\\Users\\admin\\miniconda3\\envs\\mlagents\\Scripts\\mlagents-learn .\\config\\slider_config.yaml --run-id=SliderBehavior-jgf-000",
        "mlagents_version": "1.1.0",
        "mlagents_envs_version": "1.1.0",
        "communication_protocol_version": "1.5.0",
        "pytorch_version": "2.2.2+cu121",
        "numpy_version": "1.23.5",
        "end_time_seconds": "1732380566"
    },
    "total": 1092.2412206,
    "count": 1,
    "self": 0.007401999999274267,
    "children": {
        "run_training.setup": {
            "total": 0.11889750000045751,
            "count": 1,
            "self": 0.11889750000045751
        },
        "TrainerController.start_learning": {
            "total": 1092.1149211000002,
            "count": 1,
            "self": 1.0393194998860054,
            "children": {
                "TrainerController._reset_env": {
                    "total": 12.586858500000744,
                    "count": 1,
                    "self": 12.586858500000744
                },
                "TrainerController.advance": {
                    "total": 1078.3058949001124,
                    "count": 54454,
                    "self": 1.0410022002897676,
                    "children": {
                        "env_step": {
                            "total": 1021.0620757000625,
                            "count": 54454,
                            "self": 755.4347825000614,
                            "children": {
                                "SubprocessEnvManager._take_step": {
                                    "total": 264.9373153999031,
                                    "count": 54454,
                                    "self": 2.9801707999404243,
                                    "children": {
                                        "TorchPolicy.evaluate": {
                                            "total": 261.9571445999627,
                                            "count": 54264,
                                            "self": 261.9571445999627
                                        }
                                    }
                                },
                                "workers": {
                                    "total": 0.6899778000979495,
                                    "count": 54453,
                                    "self": 0.0,
                                    "children": {
                                        "worker_root": {
                                            "total": 1081.3327038000489,
                                            "count": 54453,
                                            "is_parallel": true,
                                            "self": 377.77721229998133,
                                            "children": {
                                                "steps_from_proto": {
                                                    "total": 0.000335800000357267,