{
    "name": "root",
    "gauges": {
        "SliderBehavior.Policy.Entropy.mean": {
            "value": 1.416467308998108,
            "min": 1.416467308998108,
            "max": 1.417434811592102,
            "count": 2
        },
        "SliderBehavior.Policy.Entropy.sum": {
            "value": 14159.0078125,
            "min": 14159.0078125,
            "max": 14205.53125,
            "count": 2
        },
        "SliderBehavior.Environment.EpisodeLength.mean": {
            "value": 44.23076923076923,
            "min": 44.23076923076923,
            "max": 44.972477064220186,
            "count": 2
        },
        "SliderBehavior.Environment.EpisodeLength.sum": {
            "value": 9775.0,
            "min": 9775.0,
            "max": 9804.0,
            "count": 2
        },
        "SliderBehavior.Step.mean": {
            "value": 19967.0,
            "min": 9981.0,
            "max": 19967.0,
            "count": 2
        },
        "SliderBehavior.Step.sum": {
            "value": 19967.0,
            "min": 9981.0,
            "max": 19967.0,
            "count": 2
        },
        "SliderBehavior.Policy.ExtrinsicValueEstimate.mean": {
            "value": 0.10515835136175156,
            "min": -0.09793592244386673,
            "max": 0.10515835136175156,
            "count": 2
        },
        "SliderBehavior.Policy.ExtrinsicValueEstimate.sum": {
            "value": 25.868953704833984,
            "min": -24.679851531982422,
            "max": 25.868953704833984,
            "count": 2
        },
        "SliderBehavior.Environment.CumulativeReward.mean": {
            "value": 5.6977375793308696,
            "min": 5.591705088516534,
            "max": 5.6977375793308696,
            "count": 2
        },
        "SliderBehavior.Environment.CumulativeReward.sum": {
            "value": 1259.2000050321221,
            "min": 1213.400004208088,
            "max": 1259.2000050321221,
            "count": 2
        },
        "SliderBehavior.Policy.ExtrinsicReward.mean": {
            "value": 5.6977375793308696,
            "min": 5.591705088516534,
            "max": 5.6977375793308696,
            "count": 2
        },
        "SliderBehavior.Policy.ExtrinsicReward.sum": {
            "value": 1259.2000050321221,
            "min": 1213.400004208088,
            "max": 1259.2000050321221,
            "count": 2
        },
        "SliderBehavior.Losses.PolicyLoss.mean": {
            "value": 0.018647876102477312,
            "min": 0.018111855886807596,
            "max": 0.018647876102477312,
            "count": 2
        },
        "SliderBehavior.Losses.PolicyLoss.sum": {
            "value": 0.055943628307431936,
            "min": 0.05433556766042279,
            "max": 0.055943628307431936,
            "count": 2
        },
        "SliderBehavior.Losses.ValueLoss.mean": {
            "value": 7.1880874457182715,
            "min": 6.771060307820638,
            "max": 7.1880874457182715,
            "count": 2
        },
        "SliderBehavior.Losses.ValueLoss.sum": {
            "value": 21.564262337154815,
            "min": 20.313180923461914,
            "max": 21.564262337154815,
            "count": 2
        },
        "SliderBehavior.Policy.LearningRate.mean": {
            "value": 7.343507552166667e-05,
            "min": 7.343507552166667e-05,
            "max": 0.00020944003018666664,
            "count": 2
        },
        "SliderBehavior.Policy.LearningRate.sum": {
            "value": 0.000220305226565,
            "min": 0.000220305226565,
            "max": 0.00062832009056,
            "count": 2
        },
        "SliderBehavior.Policy.Epsilon.mean": {
            "value": 0.12447833333333336,
            "min": 0.12447833333333336,
            "max": 0.16981333333333334,
            "count": 2
        },
        "SliderBehavior.Policy.Epsilon.sum": {
            "value": 0.3734350000000001,
            "min": 0.3734350000000001,
            "max": 0.50944,
            "count": 2
        },
        "SliderBehavior.Policy.Beta.mean": {
            "value": 0.005,
            "min": 0.005,
            "max": 0.005,
            "count": 2
        },
        "SliderBehavior.Policy.Beta.sum": {
            "value": 0.015,
            "min": 0.015,
            "max": 0.015,
            "count": 2
        },
        "SliderBehavior.IsTraining.mean": {
            "value": 1.0,
            "min": 1.0,
            "max": 1.0,
            "count": 2
        },
        "SliderBehavior.IsTraining.sum": {
            "value": 1.0,
            "min": 1.0,
            "max": 1.0,
            "count": 2
        }
    },
    "metadata": {
        "timer_format_version": "0.1.0",
        "start_time_seconds": "1731875164",
        "python_version": "3.10.12 | packaged by conda-forge | (main, Jun 23 2023, 22:34:57) [MSC v.1936 64 bit (AMD64)]",
        "command_line_arguments": "D:\\Conda\\envs\\mlagents\\Scripts\\mlagents-learn config/slider_config.yaml --run-id=SliderBehavior --force",
        "mlagents_version": "1.1.0",
        "mlagents_envs_version": "1.1.0",
        "communication_protocol_version": "1.5.0",
        "pytorch_version": "2.2.2+cu121",
        "numpy_version": "1.23.5",
        "end_time_seconds": "1731876956"
    },
    "total": 1791.4513736999943,
    "count": 1,
    "self": 0.025150999950710684,
    "children": {
        "run_training.setup": {
            "total": 0.4896069000242278,
            "count": 1,
            "self": 0.4896069000242278
        },
        "TrainerController.start_learning": {
            "total": 1790.9366158000194,
            "count": 1,
            "self": 0.7827898066607304,
            "children": {
                "TrainerController._reset_env": {
                    "total": 21.81953160004923,
                    "count": 1,
                    "self": 21.81953160004923
                },
                "TrainerController.advance": {
                    "total": 1767.9009622933227,
                    "count": 20375,
                    "self": 0.7973699908470735,
                    "children": {
                        "env_step": {
                            "total": 1745.248271705641,
                            "count": 20375,
                            "self": 1517.412909407809,
                            "children": {
                                "SubprocessEnvManager._take_step": {
                                    "total": 227.2953453961527,
                                    "count": 20375,
                                    "self": 2.145331798470579,
                                    "children": {
                                        "TorchPolicy.evaluate": {
                                            "total": 225.15001359768212,
                                            "count": 20018,
                                            "self": 225.15001359768212
                                        }
                                    }
                                },
                                "workers": {
                                    "total": 0.540016901679337,
                                    "count": 20375,
                                    "self": 0.0,
                                    "children": {
                                        "worker_root": {
                                            "total": 1770.8567904037773,
                                            "count": 20375,
                                            "is_parallel": true,
                                            "self": 293.26984460582025,
                                            "children": {
                                                "steps_from_proto": {
                                                    "total": 0.0004959999932907522,
                                                    "count": 1,
                                                    "is_parallel": true,