{
    "name": "root",
    "gauges": {
        "SliderBehavior.Policy.Entropy.mean": {
            "value": 1.4177504777908325,
            "min": 1.417749285697937,
            "max": 1.4189385175704956,
            "count": 101
        },
        "SliderBehavior.Policy.Entropy.sum": {
            "value": 1417.75048828125,
            "min": 1156.883544921875,
            "max": 1693.2757568359375,
            "count": 101
        },
        "SliderBehavior.Environment.EpisodeLength.mean": {
            "value": 208.33333333333334,
            "min": 156.0,
            "max": 397.0,
            "count": 101
        },
        "SliderBehavior.Environment.EpisodeLength.sum": {
            "value": 1250.0,
            "min": 493.0,
            "max": 1447.0,
            "count": 101
        },
        "SliderBehavior.Step.mean": {
            "value": 100931.0,
            "min": 943.0,
            "max": 100931.0,
            "count": 101
        },
        "SliderBehavior.Step.sum": {
            "value": 100931.0,
            "min": 943.0,
            "max": 100931.0,
            "count": 101
        },
        "SliderBehavior.Policy.ExtrinsicValueEstimate.mean": {
            "value": 3.36067271232605,
            "min": -0.04406789690256119,
            "max": 4.441277027130127,
            "count": 101
        },
        "SliderBehavior.Policy.ExtrinsicValueEstimate.sum": {
            "value": 23.524709701538086,
            "min": -0.22033947706222534,
            "max": 26.647663116455078,
            "count": 101
        },
        "SliderBehavior.Environment.CumulativeReward.mean": {
            "value": 47.79417007863522,
            "min": 32.55888290405274,
            "max": 72.67091067632039,
            "count": 101
        },
        "SliderBehavior.Environment.CumulativeReward.sum": {
            "value": 238.97085039317608,
            "min": 142.20202255249023,
            "max": 279.39493560791016,
            "count": 101
        },
        "SliderBehavior.Policy.ExtrinsicReward.mean": {
            "value": 86.02950642704964,
            "min": 58.60598983764648,
            "max": 130.80764134724936,
            "count": 101
        },
        "SliderBehavior.Policy.ExtrinsicReward.sum": {
            "value": 430.1475321352482,
            "min": 255.96364212036133,
            "max": 502.91089248657227,
            "count": 101
        },
        "SliderBehavior.IsTraining.mean": {
            "value": 1.0,
            "min": 1.0,
            "max": 1.0,
            "count": 101
        },
        "SliderBehavior.IsTraining.sum": {
            "value": 1.0,
            "min": 1.0,
            "max": 1.0,
            "count": 101
        },
        "SliderBehavior.Losses.PolicyLoss.mean": {
            "value": 0.02284615981989191,
            "min": 0.021751318068709224,
            "max": 0.028598107739526313,
            "count": 12
        },
        "SliderBehavior.Losses.PolicyLoss.sum": {
            "value": 0.02284615981989191,
            "min": 0.021751318068709224,
            "max": 0.028598107739526313,
            "count": 12
        },
        "SliderBehavior.Losses.ValueLoss.mean": {
            "value": 224.6404745578766,
            "min": 160.62795114517212,
            "max": 254.85368132591248,
            "count": 12
        },
        "SliderBehavior.Losses.ValueLoss.sum": {
            "value": 224.6404745578766,
            "min": 160.62795114517212,
            "max": 254.85368132591248,
            "count": 12
        },
        "SliderBehavior.Policy.LearningRate.mean": {
            "value": 2.5024816584e-05,
            "min": 2.5024816584e-05,
            "max": 2.958800137333334e-05,
            "count": 12
        },
        "SliderBehavior.Policy.LearningRate.sum": {
            "value": 2.5024816584e-05,
            "min": 2.5024816584e-05,
            "max": 2.958800137333334e-05,
            "count": 12
        },
        "SliderBehavior.Policy.Epsilon.mean": {
            "value": 0.058292000000000004,
            "min": 0.050686666666666665,
            "max": 0.058292000000000004,
            "count": 12
        },
        "SliderBehavior.Policy.Epsilon.sum": {
            "value": 0.058292000000000004,
            "min": 0.050686666666666665,
            "max": 0.058292000000000004,
            "count": 12
        },
        "SliderBehavior.Policy.Beta.mean": {
            "value": 0.001,
            "min": 0.001,
            "max": 0.001,
            "count": 12
        },
        "SliderBehavior.Policy.Beta.sum": {
            "value": 0.001,
            "min": 0.001,
            "max": 0.001,
            "count": 12
        }
    },
    "metadata": {
        "timer_format_version": "0.1.0",
        "start_time_seconds": "1732382452",
        "python_version": "3.10.12 | packaged by Anaconda, Inc. | (main, Jul  5 2023, 19:01:18) [MSC v.1916 64 bit (AMD64)]",
        "command_line_arguments": "C:\\Users\\admin\\miniconda3\\envs\\mlagents\\Scripts\\mlagents-learn .\\config\\slider_config.yaml --run-id=SliderBehavior-jgf-002",
        "mlagents_version": "1.1.0",
        "mlagents_envs_version": "1.1.0",
        "communication_protocol_version": "1.5.0",
        "pytorch_version": "2.2.2+cu121",
        "numpy_version": "1.23.5",
        "end_time_seconds": "1732384975"
    },
    "total": 2523.217345,
    "count": 1,
    "self": 0.007574900000690832,
    "children": {
        "run_training.setup": {
            "total": 0.1182544000002963,
            "count": 1,
            "self": 0.1182544000002963
        },
        "TrainerController.start_learning": {
            "total": 2523.091515699999,
            "count": 1,
            "self": 1.907884899950659,
            "children": {
                "TrainerController._reset_env": {
                    "total": 18.476420299999518,
                    "count": 1,
                    "self": 18.476420299999518
                },
                "TrainerController.advance": {
                    "total": 2502.52125000005,
                    "count": 101610,
                    "self": 1.9243195001236018,
                    "children": {
                        "env_step": {
                            "total": 2437.300928899869,
                            "count": 101610,
                            "self": 1943.7474368998392,
                            "children": {
                                "SubprocessEnvManager._take_step": {
                                    "total": 492.2617795000442,
                                    "count": 101610,
                                    "self": 5.4910184003301765,
                                    "children": {
                                        "TorchPolicy.evaluate": {
                                            "total": 486.77076109971404,
                                            "count": 101227,
                                            "self": 486.77076109971404
                                        }
                                    }
                                },
                                "workers": {
                                    "total": 1.291712499985806,
                                    "count": 101609,
                                    "self": 0.0,
                                    "children": {
                                        "worker_root": {
                                            "total": 2505.0680278999826,
                                            "count": 101609,
                                            "is_parallel": true,
                                            "self": 657.6267754001792,
                                            "children": {
                                                "steps_from_proto": {
                                                    "total": 0.0005005000002711313,
                                                    "count": 1,